{"cameraMode":{"drawMode":0,"name":"Shaded","section":"Shading Mode"},"sceneLighting":false,"audioPlay":false,"sceneViewState":{"showFog":true,"showMaterialUpdate":false,"showSkybox":false,"showFlares":true,"showImageEffects":true,"showParticleSystems":true},"in2DMode":false,"pivot":{"x":11.112344741821289,"y":1.2726478576660157,"z":1.5229816436767579},"rotation":{"x":0.4275805950164795,"y":0.5722602605819702,"z":-0.48575061559677126,"w":0.5037409663200378},"size":14.206283569335938,"orthographic":false}