{"cameraMode":{"drawMode":0,"name":"Shaded","section":"Shading Mode"},"sceneLighting":false,"audioPlay":false,"sceneViewState":{"showFog":true,"showMaterialUpdate":false,"showSkybox":false,"showFlares":true,"showImageEffects":true,"showParticleSystems":true},"in2DMode":false,"pivot":{"x":4.930000305175781,"y":0.0,"z":4.940000534057617},"rotation":{"x":0.029128223657608033,"y":0.9700025916099548,"z":-0.19038398563861848,"w":0.1483871191740036},"size":7.071067810058594,"orthographic":false}